studentId,class
1,6Q
2,11G
3,6H
4,12B
5,12L
6,3V
7,11V
8,6H
9,3N
10,4B
11,5D
12,2S
13,10Q
14,8O
15,10Z
16,10E
17,7N
18,6E
19,7I
20,12O
21,3C
22,3L
23,9S
24,11D
25,1F
26,2I
27,8H
28,7F
29,3N
30,2C
31,9K
32,4B
33,6O
34,6W
35,12T
36,5G
37,6F
38,3U
39,5N
40,10D
41,7V
42,9Q
43,4T
44,10O
45,5Z
46,2P
47,5H
48,5S
49,1P
50,12M
51,12R
52,8D
53,10C
54,9O
55,5M
56,4K
57,8K
58,2V
59,3R
60,3B
61,3K
62,10D
63,7J
64,1I
65,10M
66,5F
67,8H
68,3R
69,12B
70,10B
71,5D
72,12V
73,3L
74,8O
75,3Q
76,6S
77,1U
78,12M
79,10X
80,7A
81,9V
82,9T
83,7R
84,3X
85,5N
86,8R
87,10E
88,2E
89,9Y
90,7N
91,10F
92,11Z
93,10E
94,9O
95,2P
96,9A
97,2G
98,6X
99,3K
100,3G
101,6I
102,10G
103,12S
104,12P
105,7S
106,1K
107,12Y
108,12H
109,4N
110,9Y
111,7D
112,11O
113,12A
114,5P
115,7X
116,4K
117,2B
118,7X
119,3F
120,7O
121,3F
122,5V
123,5D
124,9H
125,12R
126,7Q
127,6S
128,8I
129,7M
130,7L
131,2M
132,1R
133,12U
134,1W
135,3B
136,9M
137,11M
138,3C
139,7P
140,4C
141,7W
142,7U
143,6A
144,9B
145,7Y
146,6R
147,3X
148,3W
149,12P
150,12R
151,2Z
152,4Z
153,4R
154,5I
155,9B
156,6L
157,3D
158,4D
159,9B
160,1O
161,6J
162,2H
163,5K
164,9U
165,12Q
166,3K
167,8O
168,1T
169,7E
170,5Y
171,8L
172,1E
173,3J
174,9A
175,3P
176,2S
177,7C
178,6F
179,6K
180,3V
181,3D
182,10J
183,6U
184,1B
185,6Y
186,1F
187,3T
188,1D
189,9K
190,9K
191,1Y
192,10X
193,7L
194,1K
195,6E
196,10P
197,1I
198,9C
199,5R
200,9V
201,8M
202,6N
203,9T
204,9P
205,8D
206,7W
207,3Q
208,3I
209,12C
210,11I
211,3R
212,5P
213,7D
214,4V
215,3D
216,2V
217,8Q
218,9T
219,6D
220,2L
221,6K
222,7W
223,7K
224,7K
225,10D
226,10E
227,9G
228,12G
229,8B
230,3P
231,5N
232,4U
233,1B
234,1B
235,7L
236,10J
237,7E
238,1K
239,8H
240,8N
241,11S
242,1A
243,4G
244,9Y
245,10F
246,5J
247,10E
248,12Y
249,7M
250,2Z
251,1U
252,12H
253,10L
254,12S
255,7M
256,12D
257,8C
258,10S
259,10D
260,3F
261,6C
262,6Y
263,7Z
264,9R
265,2H
266,8U
267,1K
268,8T
269,10S
270,12T
271,9M
272,3G
273,10L
274,9Y
275,10G
276,12P
277,3E
278,2R
279,7Y
280,3C
281,9A
282,5S
283,11Y
284,5M
285,6P
286,11Z
287,2U
288,2B
289,2Q
290,11N
291,8G
292,12K
293,6G
294,5L
295,7Y
296,6L
297,3F
298,7R
299,10N
300,3Q
301,11Y
302,5B
303,4Z
304,6N
305,6A
306,7K
307,11A
308,2K
309,2B
310,10Q
311,6W
312,5G
313,10U
314,10X
315,2B
316,9P
317,12S
318,12D
319,11G
320,1Y
321,7H
322,2H
323,2Y
324,11Y
325,9S
326,11K
327,7E
328,11D
329,9J
330,2B
331,5H
332,3H
333,9Z
334,1P
335,10Q
336,12W
337,5P
338,4K
339,1E
340,2P
341,2Y
342,12S
343,2B
344,6K
345,6U
346,9O
347,10M
348,3R
349,9N
350,7S
351,10U
352,2T
353,4N
354,4L
355,10L
356,10T
357,12T
358,10T
359,8G
360,11J
361,6X
362,6N
363,8X
364,10R
365,6Q
366,8J
367,5O
368,2L
369,4U
370,2J
371,10L
372,2V
373,3P
374,1N
375,8Q
376,12R
377,12R
378,11G
379,6B
380,3G
381,10O
382,4K
383,5K
384,7U
385,4N
386,4P
387,9L
388,4W
389,6B
390,1D
391,3Z
392,9Y
393,4C
394,4Q
395,12K
396,10B
397,5S
398,12O
399,3C
400,9W
401,9T
402,2R
403,4Q
404,4G
405,6W
406,2W
407,7A
408,11A
409,2G
410,6G
411,10C
412,7V
413,11L
414,6F
415,11Z
416,7X
417,1H
418,6W
419,9C
420,10Q
421,2Q
422,4L
423,5C
424,11L
425,1U
426,12M
427,3G
428,9I
429,3U
430,2V
431,4G
432,7I
433,3F
434,6K
435,9U
436,10T
437,7O
438,5M
439,9S
440,3O
441,1H
442,6M
443,12W
444,9U
445,10H
446,4N
447,11A
448,6S
449,8M
450,6R
451,5S
452,6G
453,8L
454,10C
455,3D
456,9J
457,10N
458,10Q
459,6D
460,9R
461,12U
462,10V
463,3V
464,11I
465,6V
466,3T
467,3Q
468,3T
469,2Y
470,10L
471,4N
472,9V
473,7P
474,2V
475,3F
476,11I
477,6E
478,10N
479,6R
480,4N
481,5G
482,8Z
483,11G
484,4K
485,5O
486,1A
487,2M
488,11Y
489,11K
490,7J
491,6I
492,3N
493,1O
494,5K
495,2Z
496,12U
497,11Z
498,4C
499,5M
500,11T
501,4Q
502,4U
503,3C
504,11L
505,4Q
506,11S
507,9V
508,6C
509,9N
510,6T
511,1I
512,8V
513,12U
514,3U
515,10I
516,12C
517,2B
518,12I
519,8D
520,4G
521,6G
522,2G
523,11V
524,9B
525,3I
526,5M
527,9V
528,3T
529,3H
530,7U
531,5F
532,6W
533,9N
534,6L
535,7E
536,3I
537,4Q
538,2V
539,3Y
540,2R
541,10W
542,9C
543,9I
544,9L
545,2M
546,10R
547,10B
548,5A
549,4U
550,10J
551,8M
552,9V
553,5I
554,8D
555,6A
556,9W
557,2Y
558,5F
559,7W
560,8W
561,12P
562,10K
563,7C
564,2K
565,12U
566,11K
567,5H
568,9J
569,11Z
570,10Z
571,3A
572,9O
573,4A
574,10E
575,10G
576,3P
577,9Y
578,6D
579,10N
580,9T
581,9Q
582,4D
583,9C
584,7N
585,4T
586,9W
587,6K
588,5Q
589,5R
590,11D
591,9O
592,5Y
593,2S
594,4X
595,4U
596,6J
597,8K
598,12S
599,12H
600,9G
601,10F
602,2J
603,5H
604,10U
605,1B
606,2T
607,9R
608,10X
609,8W
610,11A
611,12P
612,12E
613,2X
614,8Q
615,11F
616,11G
617,4D
618,10F
619,1P
620,5A
621,4S
622,1H
623,1L
624,10G
625,7E
626,1R
627,3U
628,3A
629,7H
630,12C
631,2W
632,6I
633,9O
634,6K
635,5E
636,7U
637,8I
638,6Y
639,7P
640,7X
641,5T
642,2V
643,2C
644,8R
645,4T
646,6D
647,7K
648,5Z
649,7H
650,10N
651,9C
652,5Z
653,11W
654,6K
655,10C
656,10Q
657,12R
658,3O
659,5Z
660,8Z
661,2M
662,11J
663,12T
664,1Y
665,9Q
666,1T
667,8S
668,2L
669,5W
670,3Z
671,4F
672,8I
673,7U
674,12D
675,10X
676,9F
677,11L
678,11J
679,2S
680,12I
681,10W
682,4P
683,9J
684,9C
685,7B
686,5B
687,6Y
688,9L
689,4Z
690,5X
691,10R
692,7Q
693,7F
694,8E
695,4L
696,10L
697,6P
698,4P
699,11H
700,2L
701,7Z
702,12Y
703,6V
704,7P
705,10A
706,12H
707,5U
708,11Y
709,11P
710,12V
711,8U
712,10V
713,8A
714,11I
715,9V
716,9J
717,1X
718,2C
719,10K
720,8B
721,2I
722,2P
723,4Y
724,10V
725,2D
726,4U
727,6D
728,7M
729,12D
730,1N
731,3Y
732,11I
733,2C
734,9B
735,7W
736,10V
737,4C
738,1H
739,11P
740,5B
741,6D
742,2Q
743,4U
744,6C
745,8A
746,4I
747,12X
748,1V
749,6V
750,8Z
751,3P
752,9S
753,9N
754,4C
755,2B
756,4K
757,12L
758,3Z
759,9W
760,10V
761,1Z
762,6F
763,5A
764,1C
765,10E
766,6J
767,3B
768,3D
769,7W
770,8A
771,7B
772,5C
773,12A
774,6Q
775,12Y
776,7S
777,10K
778,1N
779,10L
780,12Z
781,10W
782,3J
783,3P
784,9E
785,5T
786,2X
787,7V
788,8C
789,9L
790,11W
791,2X
792,2X
793,8E
794,12L
795,11I
796,11D
797,8O
798,6S
799,3V
800,9O
801,12H
802,6O
803,1U
804,5X
805,3V
806,5K
807,4X
808,8Y
809,4M
810,7R
811,6U
812,9F
813,9K
814,7Z
815,4C
816,11Y
817,12S
818,7C
819,8O
820,3J
821,7G
822,12V
823,2C
824,9R
825,1F
826,6G
827,6Z
828,1S
829,9Y
830,9G
831,12B
832,12R
833,9U
834,12F
835,9N
836,8H
837,4H
838,12C
839,2B
840,9B
841,9P
842,4T
843,2L
844,7M
845,12R
846,6Q
847,7B
848,11A
849,3B
850,6J
851,5X
852,9U
853,4E
854,7K
855,1E
856,4S
857,4H
858,1I
859,6Q
860,3O
861,11Z
862,5W
863,4W
864,1P
865,4E
866,2K
867,9D
868,9Y
869,12J
870,12E
871,10Q
872,7T
873,5D
874,3E
875,6W
876,3C
877,12P
878,2T
879,2Q
880,9S
881,4B
882,7X
883,5Y
884,6R
885,12U
886,12C
887,1R
888,4W
889,5N
890,8T
891,5T
892,12B
893,9I
894,10O
895,12L
896,10T
897,10V
898,10U
899,9J
900,12Y
901,6N
902,12L
903,2A
904,4R
905,7Q
906,3X
907,6U
908,5N
909,5Q
910,7K
911,5J
912,10R
913,5Q
914,2T
915,10L
916,9G
917,2A
918,10F
919,9P
920,12I
921,8C
922,6O
923,5S
924,1O
925,1F
926,7H
927,2F
928,12R
929,11F
930,6Z
931,1I
932,12A
933,12F
934,11U
935,8P
936,1Z
937,9L
938,10I
939,11I
940,6T
941,11S
942,7O
943,4Q
944,8L
945,10A
946,3F
947,5E
948,2D
949,11W
950,6O
951,2Q
952,5E
953,10G
954,2M
955,9T
956,2J
957,9K
958,11I
959,2J
960,7Q
961,11I
962,1M
963,5G
964,10S
965,4N
966,1D
967,7W
968,7A
969,2J
970,8V
971,4Q
972,1U
973,11K
974,3I
975,2M
976,12E
977,10O
978,3F
979,3Q
980,9C
981,9T
982,9M
983,8V
984,7B
985,1F
986,4S
987,3Z
988,4X
989,2I
990,1R
991,11P
992,7Q
993,9Z
994,9P
995,2V
996,8W
997,5B
998,9X
999,11Q
1000,5J
1001,8D
1002,9Z
1003,3P
1004,4X
1005,2E
1006,3Z
1007,5V
1008,8K
1009,1O
1010,11F
1011,4V
1012,3X
1013,6K
1014,12N
1015,4P
1016,8U
1017,8F
1018,10Z
1019,11G
1020,2Y
1021,6C
1022,12B
1023,4R
1024,4C
1025,2N
1026,8O
1027,10K
1028,12Z
1029,9N
1030,5X
1031,4L
1032,11H
1033,11H
1034,4R
1035,9K
1036,1J
1037,11Y
1038,3K
1039,8A
1040,1S
1041,5S
1042,3L
1043,2I
1044,4Q
1045,3A
1046,10J
1047,8J
1048,5L
1049,4B
1050,7B
1051,2V
1052,2D
1053,6H
1054,11E
1055,12I
1056,6K
1057,4S
1058,9M
1059,2Q
1060,11B
1061,3Q
1062,6J
1063,6M
1064,6T
1065,10B
1066,10V
1067,4U
1068,2E
1069,5T
1070,10N
1071,7N
1072,2R
1073,2O
1074,8Q
1075,3G
1076,5A
1077,4F
1078,6Z
1079,2Q
1080,12Y
1081,8I
1082,5W
1083,2W
1084,1W
1085,7U
1086,11A
1087,5K
1088,11I
1089,4H
1090,3W
1091,7W
1092,2J
1093,2D
1094,10L
1095,8S
1096,3E
1097,4J
1098,9L
1099,1V
1100,3Q
1101,4U
1102,8U
1103,3D
1104,5L
1105,2F
1106,12E
1107,4O
1108,7L
1109,5X
1110,12E
1111,11P
1112,10E
1113,10W
1114,7S
1115,4H
1116,5O
1117,7I
1118,11B
1119,10Z
1120,6T
1121,12Q
1122,11K
1123,1S
1124,7T
1125,11V
1126,12D
1127,7N
1128,6C
1129,1G
1130,11J
1131,12F
1132,11L
1133,4U
1134,6Q
1135,9U
1136,1C
1137,6M
1138,11U
1139,3X
1140,6A
1141,12G
1142,2H
1143,4S
1144,6J
1145,4R
1146,7X
1147,7X
1148,3Q
1149,4Y
1150,4L
1151,2E
1152,10L
1153,3B
1154,4J
1155,7N
1156,4P
1157,1B
1158,9I
1159,3B
1160,9J
1161,12T
1162,9H
1163,10J
1164,8Z
1165,2Z
1166,10H
1167,2Q
1168,6T
1169,7K
1170,7U
1171,9U
1172,3U
1173,9T
1174,8C
1175,7D
1176,9W
1177,8E
1178,6V
1179,8Z
1180,12Q
1181,12F
1182,9O
1183,10T
1184,4C
1185,3H
1186,1G
1187,10Y
1188,5F
1189,11D
1190,7Q
1191,12P
1192,1L
1193,9P
1194,10U
1195,9B
1196,9Q
1197,7S
1198,1E
1199,11H
1200,1J
1201,6X
1202,1J
1203,3L
1204,11K
1205,4E
1206,6O
1207,10H
1208,2V
1209,5X
1210,9S
1211,8Q
1212,9K
1213,11U
1214,10Z
1215,4K
1216,10D
1217,6J
1218,12U
1219,6I
1220,4I
1221,3G
1222,9R
1223,3Y
1224,8T
1225,6W
1226,4U
1227,5U
1228,6E
1229,4S
1230,11R
1231,5H
1232,12L
1233,5T
1234,10C
1235,11U
1236,5O
1237,12F
1238,4S
1239,11K
1240,5D
1241,8D
1242,8K
1243,2S
1244,8I
1245,10I
1246,8S
1247,9O
1248,4P
1249,3M
1250,3L
1251,12V
1252,9C
1253,9H
1254,8J
1255,11B
1256,8R
1257,11Y
1258,11O
1259,7K
1260,7J
1261,7W
1262,10W
1263,8H
1264,9G
1265,12G
1266,6E
1267,2F
1268,3T
1269,9M
1270,4Z
1271,9K
1272,10I
1273,8R
1274,12Q
1275,6P
1276,7M
1277,4J
1278,11L
1279,8P
1280,1V
1281,7F
1282,2M
1283,11H
1284,3J
1285,2E
1286,2H
1287,7X
1288,6N
1289,9O
1290,6W
1291,11H
1292,5J
1293,5U
1294,8R
1295,6R
1296,1M
1297,8D
1298,6C
1299,1Q
1300,7A
1301,4F
1302,7D
1303,1A
1304,10W
1305,7P
1306,12M
1307,5O
1308,12F
1309,9U
1310,9S
1311,12K
1312,4A
1313,4I
1314,3J
1315,9G
1316,8B
1317,12Z
1318,8F
1319,9E
1320,5H
1321,3E
1322,9D
1323,5I
1324,8D
1325,8V
1326,3D
1327,7G
1328,4I
1329,6Q
1330,10W
1331,6W
1332,1K
1333,7B
1334,4H
1335,3Q
1336,4Q
1337,2E
1338,4H
1339,10N
1340,11N
1341,6M
1342,2W
1343,6A
1344,10M
1345,6C
1346,2M
1347,11M
1348,7C
1349,3L
1350,9U
1351,6E
1352,6C
1353,9B
1354,9F
1355,12H
1356,5K
1357,12J
1358,8G
1359,6P
1360,1L
1361,5Y
1362,8F
1363,2U
1364,3D
1365,5N
1366,2U
1367,6R
1368,3V
1369,1R
1370,12V
1371,2Q
1372,6N
1373,6G
1374,2P
1375,5F
1376,5G
1377,12X
1378,2M
1379,10H
1380,10X
1381,10Q
1382,10N
1383,11M
1384,7C
1385,7R
1386,5P
1387,2D
1388,5N
1389,10R
1390,3I
1391,5L
1392,1Y
1393,1Q
1394,2T
1395,8U
1396,5G
1397,6F
1398,2U
1399,5R
1400,12Q
1401,6Q
1402,6T
1403,12I
1404,12M
1405,3Z
1406,4W
1407,8K
1408,9X
1409,7Y
1410,3T
1411,11E
1412,2V
1413,5J
1414,8O
1415,7D
1416,10A
1417,6O
1418,3S
1419,11Q
1420,8F
1421,6I
1422,1B
1423,6F
1424,9Q
1425,7W
1426,11K
1427,3Z
1428,6Q
1429,1S
1430,7W
1431,10K
1432,7E
1433,7I
1434,7B
1435,12D
1436,9I
1437,10H
1438,1V
1439,5Z
1440,9P
1441,6P
1442,3P
1443,2U
1444,1M
1445,12O
1446,1X
1447,7Z
1448,4O
1449,8Y
1450,3M
1451,6P
1452,8T
1453,12D
1454,9G
1455,5Z
1456,9O
1457,7H
1458,5G
1459,4Q
1460,11U
1461,1Z
1462,10A
1463,5T
1464,6L
1465,9T
1466,12Z
1467,10O
1468,3O
1469,4E
1470,11P
1471,10U
1472,9V
1473,6R
1474,1G
1475,5Y
1476,11E
1477,6A
1478,6H
1479,9K
1480,4R
1481,5O
1482,1C
1483,4J
1484,4Q
1485,5T
1486,5N
1487,4U
1488,2M
1489,8Z
1490,6E
1491,1T
1492,4C
1493,4G
1494,4O
1495,12V
1496,2H
1497,5Y
1498,12I
1499,10A
1500,10J
1501,12D
1502,5A
1503,11B
1504,7Y
1505,6L
1506,9W
1507,1U
1508,7Z
1509,4H
1510,9C
1511,1B
1512,5V
1513,7N
1514,5H
1515,3I
1516,2K
1517,4N
1518,9L
1519,6W
1520,10U
1521,7H
1522,10X
1523,11U
1524,9N
1525,8L
1526,6F
1527,4A
1528,5O
1529,10A
1530,4Q
1531,8J
1532,6J
1533,3X
1534,8O
1535,11J
1536,11U
1537,3Y
1538,2U
1539,11D
1540,3P
1541,11M
1542,4V
1543,1G
1544,6L
1545,6H
1546,9A
1547,7U
1548,9Q
1549,4I
1550,3A
1551,11P
1552,6A
1553,4F
1554,3G
1555,4M
1556,8L
1557,7D
1558,9J
1559,10W
1560,7Z
1561,3U
1562,9K
1563,3J
1564,8I
1565,6F
1566,5A
1567,9C
1568,3P
1569,8V
1570,7P
1571,2H
1572,3J
1573,9T
1574,6J
1575,11U
1576,4L
1577,5F
1578,5H
1579,10U
1580,3P
1581,1M
1582,10K
1583,10E
1584,7G
1585,8H
1586,5W
1587,1H
1588,11R
1589,5K
1590,2H
1591,7J
1592,3V
1593,11B
1594,10B
1595,11R
1596,3O
1597,2K
1598,10H
1599,9C
1600,1X
1601,12X
1602,7M
1603,3T
1604,9H
1605,11Z
1606,12B
1607,11F
1608,12X
1609,12U
1610,2S
1611,4Y
1612,8O
1613,9E
1614,2B
1615,7T
1616,2C
1617,8D
1618,8N
1619,7I
1620,4V
1621,10O
1622,11U
1623,9G
1624,11V
1625,10B
1626,8D
1627,12M
1628,3F
1629,8Y
1630,11J
1631,11K
1632,5P
1633,7D
1634,4B
1635,4X
1636,4F
1637,10V
1638,3C
1639,11Y
1640,10K
1641,8O
1642,8N
1643,2R
1644,8S
1645,4Y
1646,12B
1647,5X
1648,5A
1649,2A
1650,9S
1651,7X
1652,7F
1653,12B
1654,7H
1655,12S
1656,9G
1657,7B
1658,10C
1659,12P
1660,1G
1661,8B
1662,5X
1663,9C
1664,3R
1665,2U
1666,8M
1667,10A
1668,11K
1669,4D
1670,10W
1671,7S
1672,6J
1673,9R
1674,2C
1675,6W
1676,10J
1677,1B
1678,8Z
1679,1N
1680,9X
1681,3I
1682,3Y
1683,4I
1684,3B
1685,5J
1686,1B
1687,6E
1688,1L
1689,1M
1690,12E
1691,11O
1692,11R
1693,6Q
1694,11P
1695,8N
1696,11A
1697,5C
1698,5D
1699,2D
1700,7F
1701,6J
1702,5C
1703,8R
1704,6X
1705,10A
1706,10D
1707,7T
1708,3A
1709,12Y
1710,4A
1711,3A
1712,4P
1713,12B
1714,11R
1715,9M
1716,9D
1717,7Z
1718,2D
1719,12Q
1720,11G
1721,9A
1722,11P
1723,7A
1724,12P
1725,10I
1726,10Z
1727,9Z
1728,2C
1729,8B
1730,3O
1731,10C
1732,12A
1733,3C
1734,6D
1735,9Z
1736,11R
1737,7V
1738,6X
1739,12J
1740,8D
1741,12W
1742,12S
1743,7R
1744,8J
1745,10E
1746,1U
1747,12X
1748,4M
1749,1S
1750,11K
1751,10I
1752,5J
1753,2M
1754,5P
1755,3J
1756,3H
1757,5L
1758,8X
1759,8X
1760,12R
1761,4G
1762,8S
1763,10L
1764,11V
1765,8C
1766,7X
1767,4O
1768,10H
1769,4P
1770,1I
1771,8K
1772,6O
1773,2W
1774,11G
1775,7M
1776,11V
1777,12K
1778,12H
1779,10L
1780,12L
1781,6Y
1782,9I
1783,6J
1784,2V
1785,12T
1786,6Y
1787,11D
1788,1V
1789,8N
1790,11V
1791,4B
1792,11X
1793,4W
1794,2N
1795,11M
1796,6E
1797,4X
1798,7L
1799,1O
1800,3J
1801,10O
1802,12X
1803,8L
1804,4J
1805,2M
1806,8J
1807,1T
1808,2Z
1809,9A
1810,10F
1811,12O
1812,4B
1813,10Q
1814,1L
1815,9Q
1816,7L
1817,10Q
1818,1A
1819,12C
1820,5D
1821,11N
1822,3F
1823,8B
1824,3W
1825,12Q
1826,10L
1827,6Z
1828,12A
1829,2N
1830,11Z
1831,10N
1832,10R
1833,9F
1834,9O
1835,6Y
1836,10I
1837,1X
1838,5Q
1839,9A
1840,1Y
1841,6P
1842,9I
1843,11J
1844,4R
1845,5M
1846,7Y
1847,11Y
1848,1I
1849,1L
1850,4Z
1851,5M
1852,11E
1853,5P
1854,9X
1855,1H
1856,9Y
1857,3O
1858,7Q
1859,12D
1860,8V
1861,1J
1862,6F
1863,9N
1864,5X
1865,10F
1866,8L
1867,4O
1868,6V
1869,9Z
1870,2O
1871,12N
1872,3H
1873,9H
1874,6L
1875,10D
1876,11N
1877,1X
1878,8B
1879,2R
1880,6A
1881,12K
1882,1D
1883,6P
1884,5U
1885,4A
1886,9Y
1887,8P
1888,10T
1889,11Q
1890,12C
1891,12U
1892,12B
1893,12T
1894,10E
1895,11A
1896,7D
1897,5K
1898,12C
1899,4A
1900,11H
1901,10R
1902,6E
1903,7L
1904,2Q
1905,6B
1906,5B
1907,7J
1908,9N
1909,2U
1910,5F
1911,1J
1912,10H
1913,8O
1914,8W
1915,1L
1916,3K
1917,5R
1918,1K
1919,9X
1920,1Y
1921,9N
1922,8P
1923,12S
1924,4X
1925,5T
1926,7S
1927,12O
1928,10V
1929,8O
1930,7K
1931,5N
1932,4W
1933,4K
1934,3K
1935,7O
1936,9K
1937,2D
1938,8H
1939,7Q
1940,3R
1941,1N
1942,9B
1943,4P
1944,1P
1945,3R
1946,10L
1947,7V
1948,12F
1949,12Y
1950,6P
1951,9D
1952,2I
1953,6N
1954,12N
1955,8N
1956,3Y
1957,3D
1958,9F
1959,2Q
1960,5H
1961,3V
1962,9I
1963,8X
1964,5R
1965,8H
1966,7J
1967,6Q
1968,5B
1969,9O
1970,8N
1971,12R
1972,1S
1973,6Z
1974,2X
1975,9X
1976,12D
1977,3J
1978,5W
1979,1D
1980,6V
1981,12R
1982,8X
1983,8D
1984,10G
1985,5T
1986,9G
1987,2E
1988,1Z
1989,11O
1990,6W
1991,1S
1992,1G
1993,3X
1994,8B
1995,12X
1996,11G
1997,12V
1998,5G
1999,10C
2000,2N